url,date,stakes,winners_1,winners_2,winners_3,winners_4,winners_5,winners_6,winners_7,winners_8,winners_9,winners_10,winners_11,winners_12,winners_13,prize_1,prize_2,prize_3,prize_4,prize_5,prize_6,prize_7,prize_8,prize_9,prize_10,prize_11,prize_12,prize_13
https://www.loteriasyapuestas.es/en/euromillones/sorteos/2016/958602078,2016-Sep-27,44545868.4,0,3,7,21,536,877,1554,13715,25400,72147,70688,368993,1018716,0,293260.3,29273,4772.77,199.46,170.16,54.46,28.42,16.22,10.81,15.6,8.96,3.99
https://www.loteriasyapuestas.es/en/euromillones/sorteos/2016/958902079,2016-Sep-30,123005143.8,0,6,15,84,1516,3493,3456,51239,71403,169033,269403,1031101,2427770,0,404891.93,37721.58,3294.78,194.73,117.97,67.62,21.01,15.93,12.73,11.3,8.86,4.62
https://www.loteriasyapuestas.es/en/euromillones/sorteos/2016/959302080,2016-Oct-04,79974127.2,0,7,11,56,1345,2483,2789,34247,58969,126962,172852,764835,1770619,0,225641.29,33443.73,3213.25,142.7,107.9,54.48,20.43,12.54,11.02,11.45,7.76,4.12
https://www.loteriasyapuestas.es/en/euromillones/sorteos/2016/959602081,2016-Oct-07,109163443.4,0,11,19,73,1955,3307,5316,43532,77663,194837,223669,1029488,2520927,0,195998,26429.04,3364.63,134.01,110.58,39.02,21.94,13,9.8,12.08,7.87,3.95
https://www.loteriasyapuestas.es/en/euromillones/sorteos/2016/960002082,2016-Oct-11,92975931.4,1,10,12,67,1558,2823,3832,38295,63646,156594,196862,861521,2102915,168085323,183627.46,35640.77,3122.33,143.22,110.33,46.1,21.24,13.51,10.39,11.69,8.01,4.03
https://www.loteriasyapuestas.es/en/euromillones/sorteos/2016/960302083,2016-Oct-14,65444649.6,0,5,14,60,1199,2115,3612,27405,46352,130326,135541,606634,1654340,0,258506.37,21503.24,2454.17,131,103.66,34.43,20.9,13.06,8.79,11.95,8.01,3.61
https://www.loteriasyapuestas.es/en/euromillones/sorteos/2016/960702084,2016-Oct-18,43763051.2,0,0,6,52,844,1907,1853,25866,33852,73828,127668,464657,996771,0,0,177605.05,1893.59,124.44,76.88,44.87,14.8,11.96,10.37,8.48,6.99,4.01
https://www.loteriasyapuestas.es/en/euromillones/sorteos/2016/961002085,2016-Oct-21,62125001.4,0,3,10,36,846,1591,1806,24943,35930,85437,128187,544209,1289660,0,408989.59,28577.5,3882.81,176.24,130.81,65.36,21.79,15.99,12.73,11.99,8.48,4.4
https://www.loteriasyapuestas.es/en/euromillones/sorteos/2016/961402086,2016-Oct-25,47393097.4,1,6,9,50,966,2108,1906,26486,39698,78814,125501,517974,1042087,50108729,156002.28,24223.14,2132.69,117.75,75.32,47.24,15.66,11.04,10.52,9.35,6.79,4.15
https://www.loteriasyapuestas.es/en/euromillones/sorteos/2016/961702087,2016-Oct-28,80443206.8,1,5,8,112,1332,4187,2846,55816,59837,127410,273843,834733,1759886,17375733,317750.67,46254.84,1616.05,144.94,64.36,53.7,12.61,12.44,11.05,7.27,7.16,4.17
https://www.loteriasyapuestas.es/en/euromillones/sorteos/2016/962102088,2016-Nov-01,37313089,0,3,9,38,621,1465,1466,19634,25885,58634,97842,358325,808136,0,245644.5,19071.13,2209.33,144.21,85.32,48.36,16.63,13.33,11.14,9.44,7.73,4.21
https://www.loteriasyapuestas.es/en/euromillones/sorteos/2016/962402089,2016-Nov-04,60595422.8,0,4,7,67,902,3702,1586,59755,45474,81630,295176,683958,1254788,0,299189.9,39819.85,2034.92,161.23,54.83,72.59,8.87,12.33,12.99,5.08,6.58,4.41
https://www.loteriasyapuestas.es/en/euromillones/sorteos/2016/962802090,2016-Nov-08,42813564.2,1,1,3,24,578,1471,1196,18718,27485,55266,95626,412673,823632,39336342,845567.89,65647.47,4013.77,177.77,97.5,68.01,20.01,14.41,13.56,11.08,7.7,4.74
https://www.loteriasyapuestas.es/en/euromillones/sorteos/2016/963102091,2016-Nov-11,54691062.8,0,6,7,39,804,1954,1631,29267,36204,73994,153956,542075,1106799,0,180024.75,35939.84,3155.25,163.26,93.76,63.71,16.35,13.97,12.93,8.79,7.49,4.51
https://www.loteriasyapuestas.es/en/euromillones/sorteos/2016/963502092,2016-Nov-15,40018132,0,2,3,55,581,2108,1167,32284,25998,49068,178354,383252,731957,0,395179.05,61361.14,1637.11,165.31,63.6,65.15,10.85,14.24,14.27,5.55,7.75,4.99
https://www.loteriasyapuestas.es/en/euromillones/sorteos/2016/963802093,2016-Nov-18,57894086.8,0,2,16,45,938,2122,2004,30680,40754,86263,159108,578129,1219769,0,571704.11,16644.55,2894.7,148.13,91.4,54.89,16.51,13.14,11.74,9.01,7.44,4.33
https://www.loteriasyapuestas.es/en/euromillones/sorteos/2016/964202094,2016-Nov-22,42678350,0,1,3,22,500,1146,1090,17520,23499,54944,95576,367122,864045,0,842897.41,65440.14,4364.83,204.86,124.76,74.39,21.31,16.8,13.59,11.05,8.63,4.51
https://www.loteriasyapuestas.es/en/euromillones/sorteos/2016/964502095,2016-Nov-25,63769512.4,2,6,33,49,1363,1904,4792,24927,46467,150408,121420,576536,1769289,30570889,209907.98,8889.08,2928.19,112.29,112.2,25.28,22.38,12.69,7.42,13,8.21,3.29
https://www.loteriasyapuestas.es/en/euromillones/sorteos/2016/964902096,2016-Nov-29,38314181.4,0,4,3,22,435,1007,986,14978,21331,51277,81038,340644,821109,0,189176.27,58748.41,3918.5,211.39,127.46,73.83,22.38,16.61,13.08,11.7,8.35,4.26
https://www.loteriasyapuestas.es/en/euromillones/sorteos/2016/965202097,2016-Dec-02,57301695,1,2,4,20,708,1170,2034,17370,34713,97572,90478,488804,1354982,29377167,565854.24,65896.95,6446.44,194.24,164.07,53.53,28.87,15.27,10.28,15.67,8.7,3.86
https://www.loteriasyapuestas.es/en/euromillones/sorteos/2016/965602098,2016-Dec-06,37463727.4,0,4,8,43,759,1943,1799,25031,31796,70700,118640,413285,898252,0,184977.15,21541.64,1960.31,118.46,64.59,39.57,13.1,10.9,9.27,7.82,6.73,3.81
https://www.loteriasyapuestas.es/en/euromillones/sorteos/2016/965902099,2016-Dec-09,56024788.6,0,8,6,51,853,1840,1886,27676,37539,81417,150188,543595,1146616,0,138311.2,42952.34,2471.68,157.63,102,56.44,17.71,13.81,12.04,9.23,7.65,4.46
https://www.loteriasyapuestas.es/en/euromillones/sorteos/2016/966302100,2016-Dec-13,41958206.4,0,3,2,32,505,1651,1046,25401,24510,52181,141240,380023,803844,0,276224.86,96503.87,2950.19,199.41,85.14,76.21,14.45,15.83,14.07,7.35,8.2,4.76
https://www.loteriasyapuestas.es/en/euromillones/sorteos/2016/966602101,2016-Dec-16,61116378.4,0,6,10,31,824,1448,1963,21497,33566,83757,118116,498493,1249755,0,201174.75,28113.53,4435.87,178.01,141.39,59.15,24.88,16.84,12.77,12.81,9.1,4.46
https://www.loteriasyapuestas.es/en/euromillones/sorteos/2016/967002102,2016-Dec-20,47629104.6,1,14,15,67,1583,2047,2543,24069,50852,90651,108723,607464,1117419,61653352,67191.06,14606.26,1599.48,72.21,77.95,35.59,17.31,8.66,9.19,10.84,5.82,3.89
https://www.loteriasyapuestas.es/en/euromillones/sorteos/2016/967302103,2016-Dec-23,61146492,0,2,7,49,989,2297,1962,33162,39591,80841,183528,571233,1134414,0,603821.61,40181.98,2807.75,148.38,89.18,59.21,16.13,14.29,13.24,8.25,7.95,4.92
https://www.loteriasyapuestas.es/en/euromillones/sorteos/2016/967702104,2016-Dec-27,38203041.8,1,3,2,14,497,795,1218,11807,22240,54968,61594,326595,811831,25251858,251503.36,87867,6139.77,184.48,160.98,59.59,28.31,15.89,12.16,15.35,8.69,4.29
https://www.loteriasyapuestas.es/en/euromillones/sorteos/2016/968002105,2016-Dec-30,57631846.8,0,3,7,42,895,2003,1884,27490,40900,88780,140437,568132,1235236,0,379409.66,37872.36,3087.42,154.54,96.39,58.12,18.34,13.03,11.36,10.16,7.53,4.26
https://www.loteriasyapuestas.es/en/euromillones/sorteos/2017/968402001,2017-Jan-03,38730377.4,0,0,7,30,572,1093,1489,15593,23554,65312,79367,327904,891999,0,0,134726.38,2904.78,162.51,118.71,49.42,21.73,15.21,10.38,12.08,8.77,3.96
https://www.loteriasyapuestas.es/en/euromillones/sorteos/2017/968702002,2017-Jan-06,54567194,0,5,9,20,754,1405,1789,21100,35407,86431,111273,504296,1225401,0,215540.42,27889.9,6138.81,173.69,130.11,57.95,22.63,14.26,11.05,12.14,8.03,4.06
https://www.loteriasyapuestas.es/en/euromillones/sorteos/2017/969102003,2017-Jan-10,42656411.6,0,3,5,50,750,1621,1515,24029,27375,62277,128094,396092,869294,0,280821.38,39243.9,1919.54,136.5,88.15,53.5,15.53,14.41,11.99,8.24,8,4.48
https://www.loteriasyapuestas.es/en/euromillones/sorteos/2017/969402004,2017-Jan-13,71013483.2,0,8,9,62,1379,3228,2466,46858,57280,109202,238914,778041,1517238,0,175314.54,36295.78,2577.1,123.59,73.7,54.71,13.26,11.47,11.38,7.36,6.78,4.27
https://www.loteriasyapuestas.es/en/euromillones/sorteos/2017/969802005,2017-Jan-17,48435189,0,4,8,29,630,1319,1374,19340,26865,65156,105357,401661,950064,0,239148.75,27850.23,3757.9,184.52,123.02,66.98,21.91,16.68,13.01,11.38,8.95,4.65
https://www.loteriasyapuestas.es/en/euromillones/sorteos/2017/970102006,2017-Jan-20,67977573.4,0,3,16,96,1235,3601,2278,47153,53184,102166,236179,736643,1411722,0,447519.02,19543.55,1593.22,132.1,63.24,56.7,12.61,11.82,11.64,7.12,6.85,4.39
https://www.loteriasyapuestas.es/en/euromillones/sorteos/2017/970502007,2017-Jan-24,53654286.4,1,11,25,103,1624,3273,3792,38294,58023,121326,171338,659707,1345199,88587275,96333.83,9872.39,1172.06,79.29,54.92,26.88,12.26,8.55,7.74,7.75,6.04,3.64
https://www.loteriasyapuestas.es/en/euromillones/sorteos/2017/970802008,2017-Jan-27,54575325.2,0,2,10,52,741,2215,1466,32734,36192,70246,177760,529133,1036365,0,538931.34,25104.65,2361.43,176.76,82.54,70.73,14.59,13.95,13.6,7.6,7.66,4.81
https://www.loteriasyapuestas.es/en/euromillones/sorteos/2017/971202009,2017-Jan-31,41113463.6,1,3,3,46,724,1808,1714,24548,33053,73036,119818,449761,975867,25880509,270663.64,63040.64,2010.98,136.29,76.18,45.58,14.65,11.51,9.85,8.49,6.79,3.84
https://www.loteriasyapuestas.es/en/euromillones/sorteos/2017/971502010,2017-Feb-03,56170714.6,0,3,5,30,700,1892,1369,32498,33285,67286,182855,542868,1075437,0,369790.54,51677.06,4212.8,192.59,99.46,77.96,15.12,15.61,14.61,7.6,7.68,4.77
https://www.loteriasyapuestas.es/en/euromillones/sorteos/2017/971902011,2017-Feb-07,39392306.8,0,0,3,24,599,1266,1175,16383,26590,56225,80874,350916,812462,0,0,319734.22,3693.03,157.83,104.24,63.7,21.04,13.7,12.26,12.06,8.33,4.42
https://www.loteriasyapuestas.es/en/euromillones/sorteos/2017/972202012,2017-Feb-10,56813836.2,0,4,6,62,990,2202,2066,30549,42233,86623,159849,565625,1158318,0,280518.32,43557.27,2061.79,137.73,86.43,52.25,16.27,12.44,11.48,8.8,7.46,4.48
https://www.loteriasyapuestas.es/en/euromillones/sorteos/2017/972602013,2017-Feb-14,43337450.2,2,1,6,27,585,1352,1322,18710,26447,61439,96739,392902,912910,23570709,855914.64,33225.38,3611.45,177.79,107.38,62.29,20.27,15.16,12.34,11.09,8.19,4.33
https://www.loteriasyapuestas.es/en/euromillones/sorteos/2017/972902014,2017-Feb-17,52709309.4,1,3,8,33,711,1590,1502,25531,31155,66061,144487,471329,986394,1.7e+07,347002.95,30307.85,3593.82,177.92,111.05,66.68,18.06,15.65,13.96,9.03,8.3,4.88
https://www.loteriasyapuestas.es/en/euromillones/sorteos/2017/973302015,2017-Feb-21,36928372.8,0,2,3,12,469,946,928,14342,22453,46637,81058,349450,710356,0,364667.68,56623.5,6924.07,188.97,130.77,75.61,22.53,15.21,13.86,11.28,7.85,4.74
https://www.loteriasyapuestas.es/en/euromillones/sorteos/2017/973602016,2017-Feb-24,54681411.4,0,7,10,32,1038,1588,2203,23372,43523,88645,120351,587214,1193938,0,154279.7,25153.45,3844.79,126.43,115.35,47.16,20.47,11.62,10.8,11.25,6.91,4.18
https://www.loteriasyapuestas.es/en/euromillones/sorteos/2017/974002017,2017-Feb-28,39533707.4,0,0,4,17,410,760,1246,11402,20373,54502,60555,308000,821467,0,0,240661.44,5232.4,231.42,174.26,60.28,30.34,17.95,12.69,16.16,9.53,4.39
https://www.loteriasyapuestas.es/en/euromillones/sorteos/2017/974302018,2017-Mar-03,59160635.6,0,5,6,23,667,1280,2199,18400,30390,92728,98747,438894,1319018,0,233684.51,45356.49,5787.45,212.87,154.83,51.12,28.13,18.01,11.17,14.83,10.01,4.09
https://www.loteriasyapuestas.es/en/euromillones/sorteos/2017/974702019,2017-Mar-07,45178570.8,0,0,4,23,450,1031,1000,16551,23140,49846,100253,368378,777159,0,0,275024.55,4419.64,240.95,146.8,85.84,23.88,18.06,15.86,11.15,9.11,5.3
https://www.loteriasyapuestas.es/en/euromillones/sorteos/2017/975002020,2017-Mar-10,64772338.4,0,1,4,31,671,1493,1616,22625,31548,70465,123981,488735,1114364,0,1279253.68,74488.19,4701.22,231.67,145.34,76.16,25.05,18.99,16.09,12.93,9.84,5.3
https://www.loteriasyapuestas.es/en/euromillones/sorteos/2017/975402021,2017-Mar-14,49575103.6,1,4,7,31,693,1947,1443,29265,34032,66907,150788,506197,1004145,80571199,244777.07,32577.93,3598.19,171.69,85.3,65.28,14.82,13.47,12.97,8.14,7.27,4.51
https://www.loteriasyapuestas.es/en/euromillones/sorteos/2017/975702022,2017-Mar-17,52545451.2,0,2,11,84,1019,2770,1907,36355,41785,81326,178397,564357,1103923,0,518886.33,21973.55,1407.47,123.76,63.55,52.35,12.65,11.63,11.31,7.29,6.91,4.34
https://www.loteriasyapuestas.es/en/euromillones/sorteos/2017/976102023,2017-Mar-21,37802184.2,0,2,5,21,411,965,973,14392,19970,48313,75836,311529,770119,0,373296.57,34778.01,4050.23,220.74,131.23,73.82,22.98,17.51,13.69,12.34,9.01,4.48
https://www.loteriasyapuestas.es/en/euromillones/sorteos/2017/976402024,2017-Mar-24,54191390,0,7,5,82,1168,2893,2019,37976,44252,85489,185338,600419,1154547,0,152897.14,49856.08,1486.96,111.35,62.75,51,12.49,11.33,11.09,7.24,6.7,4.28
https://www.loteriasyapuestas.es/en/euromillones/sorteos/2017/976802025,2017-Mar-28,40507794.8,0,3,13,31,594,1160,1377,16499,25210,61436,85940,359331,885792,0,266676.32,14333.53,2940.08,163.67,116.98,55.89,21.48,14.86,11.54,11.67,8.37,4.17
https://www.loteriasyapuestas.es/en/euromillones/sorteos/2017/977102026,2017-Mar-31,59317084.2,0,2,14,23,721,1195,2096,17946,33464,95479,94913,480911,1364410,0,585756.21,19489.9,5802.76,197.45,166.29,53.77,28.92,16.4,10.87,15.47,9.16,3.97
https://www.loteriasyapuestas.es/en/euromillones/sorteos/2017/977502027,2017-Apr-04,45244555.4,0,3,4,32,575,1639,1175,24843,27920,60062,132897,426256,911875,0,297859.99,52031.24,3181.26,188.85,92.48,73.16,15.94,14.99,13.18,8.43,7.88,4.53
https://www.loteriasyapuestas.es/en/euromillones/sorteos/2017/977802028,2017-Apr-07,62569108.8,0,2,11,47,899,1974,2014,29033,43568,88858,154973,636764,1277867,0,617869.95,26165.26,2995.33,167.04,106.18,59.03,18.86,13.28,12.32,9.99,7.3,4.47
https://www.loteriasyapuestas.es/en/euromillones/sorteos/2017/978202029,2017-Apr-11,49963610.4,1,1,5,34,679,1981,1331,30230,31833,69370,163646,479239,1029199,83397527,986781.31,45966.52,3306.42,176.6,84.49,71.32,14.46,14.52,12.6,7.56,7.74,4.43
https://www.loteriasyapuestas.es/en/euromillones/sorteos/2017/978502030,2017-Apr-14,49493545.2,0,3,5,46,852,1474,2149,20801,34054,88122,103554,459998,1185499,0,325832.51,45534.06,2420.88,139.42,112.49,43.76,20.82,13.44,9.83,11.83,7.99,3.81
https://www.loteriasyapuestas.es/en/euromillones/sorteos/2017/978902031,2017-Apr-18,35441441.2,0,1,3,14,426,695,1110,10301,19911,48987,55483,292336,730439,0,699968.46,54343.54,5695.95,199.67,170.83,60.67,30.11,16.46,12.66,15.81,9,4.43
https://www.loteriasyapuestas.es/en/euromillones/sorteos/2017/979202032,2017-Apr-21,52741539.4,0,3,6,39,888,1784,1861,24839,40647,80735,129174,568872,1108135,0,347215.13,40435.18,3042.78,142.54,99.04,53.85,18.58,12,11.43,10.11,6.88,4.34
https://www.loteriasyapuestas.es/en/euromillones/sorteos/2017/979602033,2017-Apr-25,39727188.6,0,9,7,50,758,2180,1403,29523,31559,58499,141385,431628,820118,0,87179.11,26106.44,1787.72,125.79,61.05,53.8,11.77,11.64,11.88,6.95,6.83,4.42
https://www.loteriasyapuestas.es/en/euromillones/sorteos/2017/979902034,2017-Apr-28,58978700,0,2,4,63,872,2620,1794,37060,38755,81489,196312,557444,1180984,0,582414.66,67825.51,2106.38,162.33,75.41,62.46,13.93,14.08,12.67,7.44,7.86,4.56
https://www.loteriasyapuestas.es/en/euromillones/sorteos/2017/980302035,2017-May-02,40032086.6,0,2,13,20,573,808,2340,11636,22325,87738,60687,300043,1103995,0,395316.86,14165.2,4503.61,167.67,165.97,32.5,30.1,16.59,7.98,16.33,9.91,3.31
https://www.loteriasyapuestas.es/en/euromillones/sorteos/2017/980602036,2017-May-05,62733651.2,0,4,2,41,923,1887,1698,31310,43330,84899,157020,636510,1278175,0,309747.4,144287.4,3442.7,163.12,111.37,70.2,17.53,13.39,12.93,9.89,7.32,4.48
https://www.loteriasyapuestas.es/en/euromillones/sorteos/2017/981002037,2017-May-09,48826802.2,0,10,13,52,1263,2087,2231,28776,45771,83417,127810,580491,1076334,0,96432.93,17277.18,2112.7,92.78,78.38,41.58,14.85,9.87,10.24,9.46,6.25,4.14
https://www.loteriasyapuestas.es/en/euromillones/sorteos/2017/981302038,2017-May-12,69863206.6,0,0,10,55,923,2642,2063,40239,45203,94832,223008,673987,1398397,0,0,170116.91,2858.04,181.66,88.59,64.34,15.19,14.3,12.89,7.75,7.7,4.56
https://www.loteriasyapuestas.es/en/euromillones/sorteos/2017/981702039,2017-May-16,56517122.2,0,3,17,82,1365,2998,2487,37148,50466,95673,173088,618881,1229049,0,372071.05,15292.87,1550.77,99.37,63.15,43.18,13.31,10.36,10.34,8.08,6.78,4.2
https://www.loteriasyapuestas.es/en/euromillones/sorteos/2017/982002040,2017-May-19,81889863,0,6,15,116,2155,4725,3998,58946,78073,153428,263339,937524,1938752,0,269554.13,25112.89,1588.38,91.2,58.06,38.92,12.16,9.7,9.34,7.7,6.49,3.85
https://www.loteriasyapuestas.es/en/euromillones/sorteos/2017/982402041,2017-May-23,67742560.6,0,4,8,51,1066,2117,2582,28867,47039,109569,149808,642045,1505250,0,334478.89,38951.97,2988.64,152.52,107.2,49.85,20.53,13.32,10.82,11.19,7.83,4.11
https://www.loteriasyapuestas.es/en/euromillones/sorteos/2017/982702042,2017-May-26,86602164,0,4,9,55,1230,2572,2715,37779,52565,127337,196462,787862,1895568,0,427598.18,44263.33,3542.82,168.98,112.8,60.61,20.06,15.24,11.9,10.91,8.16,4.17
https://www.loteriasyapuestas.es/en/euromillones/sorteos/2017/983102043,2017-May-30,73586224.8,0,3,17,54,1266,2982,2866,40909,53492,115921,206300,747463,1604043,0,484442.65,19911.57,3066.09,139.5,82.67,48.78,15.74,12.72,11.11,8.83,7.31,4.19
https://www.loteriasyapuestas.es/en/euromillones/sorteos/2017/983402044,2017-Jun-02,103044253.4,1,7,23,111,1827,4387,3983,61745,74589,158010,329474,1025852,2159425,153873716,290732,20608.85,2088.73,135.36,78.69,49.15,14.6,12.78,11.41,7.74,7.46,4.35
https://www.loteriasyapuestas.es/en/euromillones/sorteos/2017/983802045,2017-Jun-06,39250989.8,0,0,3,31,514,1657,1063,27783,22954,47389,162020,367668,733727,0,0,318587.2,2848.86,183.27,79.35,70.16,12.36,15.82,14.49,6,7.93,4.88
https://www.loteriasyapuestas.es/en/euromillones/sorteos/2017/984102046,2017-Jun-09,56437746.2,0,1,11,17,699,1351,2157,18657,31122,90499,101443,431977,1276750,0,1114645.49,23601.24,7469.7,193.78,139.95,49.71,26.47,16.77,10.91,13.77,9.7,4.03
https://www.loteriasyapuestas.es/en/euromillones/sorteos/2017/984502047,2017-Jun-13,41296226.4,0,2,12,26,611,1279,1735,16878,28149,74209,84363,386576,997580,0,407800.24,15830.22,3573.71,162.21,108.16,45.22,21.41,13.57,9.74,12.12,7.93,3.78
https://www.loteriasyapuestas.es/en/euromillones/sorteos/2017/984802048,2017-Jun-16,56921722,0,8,13,20,653,1070,1684,15981,29474,75357,85775,442692,1159464,0,140525.5,20141.53,6403.69,209.21,178.21,64.22,31.17,17.86,13.22,16.42,9.55,4.48
https://www.loteriasyapuestas.es/en/euromillones/sorteos/2017/985202049,2017-Jun-20,42771779.6,0,3,4,24,533,1130,1275,16821,25527,60458,87600,379200,897423,0,281580.88,49187.55,4009.85,192.59,126.8,63.74,22.25,15.5,12.38,12.08,8.38,4.35
https://www.loteriasyapuestas.es/en/euromillones/sorteos/2017/985502050,2017-Jun-23,60733125.2,0,4,4,45,725,3326,1557,53795,41003,77727,271863,637300,1198651,0,299869.81,69843.09,3036.66,201.05,61.17,74.11,9.88,13.7,13.67,5.53,7.08,4.62
https://www.loteriasyapuestas.es/en/euromillones/sorteos/2017/985902051,2017-Jun-27,47713241.4,0,7,7,50,1018,1645,2042,23269,38384,82034,117443,497070,1070350,0,134619.5,31354.42,2147.1,112.49,97.17,44.4,17.94,11.5,10.18,10.06,7.13,4.07
https://www.loteriasyapuestas.es/en/euromillones/sorteos/2017/986202052,2017-Jun-30,94975454.2,1,6,7,51,1145,2819,2660,42873,54632,120296,239603,819304,1773960,1e+08,312627.54,62412.44,4190.09,199.08,112.87,67.84,19.38,16.08,13.82,9.81,8.61,4.89
https://www.loteriasyapuestas.es/en/euromillones/sorteos/2017/986602053,2017-Jul-04,38467173.8,0,2,4,41,576,1875,1228,26316,26491,53474,139075,384356,761876,0,379863.34,44237.25,2111,160.28,68.73,59.52,12.79,13.43,12.59,6.85,7.43,4.61
https://www.loteriasyapuestas.es/en/euromillones/sorteos/2017/986902054,2017-Jul-07,55442730.2,1,5,10,31,821,1682,1598,26983,32427,67850,157645,491840,1022080,28975630,218998.78,25503.66,4024.07,162.07,110.42,65.92,17.98,15.82,14.3,8.7,8.37,4.95
https://www.loteriasyapuestas.es/en/euromillones/sorteos/2017/987302055,2017-Jul-11,37388384,1,2,5,29,443,955,1072,14187,21345,50952,75221,319253,762345,1.7e+07,369210.29,34397.31,2900.82,202.56,131.15,66.27,23.06,16.2,12.84,12.3,8.7,4.48
https://www.loteriasyapuestas.es/en/euromillones/sorteos/2017/987602056,2017-Jul-14,50836302,0,1,3,38,709,1446,1532,21105,34252,75388,108366,500930,1108450,0,1004016.96,77949,3010.04,172.08,117.77,63.05,21.08,13.73,11.8,11.61,7.54,4.18
https://www.loteriasyapuestas.es/en/euromillones/sorteos/2017/988002057,2017-Jul-18,37522850.2,0,5,2,21,474,1499,902,25984,22709,42754,143431,366785,675226,0,148215.26,86302.56,4020.31,189.99,83.86,79.04,12.64,15.28,15.36,6.47,7.6,5.07
https://www.loteriasyapuestas.es/en/euromillones/sorteos/2017/988302058,2017-Jul-21,53066734.6,0,2,3,52,895,2398,1716,35167,41037,76145,182995,564974,1069100,0,524034,81368.99,2296.16,142.3,74.13,58.76,13.2,11.96,12.2,7.18,6.97,4.53
https://www.loteriasyapuestas.es/en/euromillones/sorteos/2017/988702059,2017-Jul-25,39991457,0,1,3,23,376,955,931,15590,20402,46814,88833,327437,772642,0,789831.28,61320.23,3912.21,255.26,140.28,81.62,22.45,18.13,14.95,11.14,9.07,4.72
https://www.loteriasyapuestas.es/en/euromillones/sorteos/2017/989002060,2017-Jul-28,58637059.8,1,3,7,57,819,1984,1850,28366,38374,83876,148371,570357,1218959,57871110,386027.31,38532.93,2314.62,171.83,99.01,60.22,18.09,14.13,12.23,9.78,7.63,4.39
https://www.loteriasyapuestas.es/en/euromillones/sorteos/2017/989402061,2017-Aug-01,36138867.6,0,4,12,25,579,1096,1464,14436,23699,58934,74867,330638,810694,0,178435.66,13853.23,3252.5,149.8,110.46,46.9,21.9,14.11,10.73,11.95,8.12,4.07
https://www.loteriasyapuestas.es/en/euromillones/sorteos/2017/989702062,2017-Aug-04,52067578.2,0,4,5,25,519,1197,1076,22690,24919,52567,137455,420217,879894,0,257083.67,47902.17,4686.08,240.77,145.72,91.94,20.08,19.33,17.33,9.38,9.2,5.4
https://www.loteriasyapuestas.es/en/euromillones/sorteos/2017/990102063,2017-Aug-08,38502530,1,4,5,24,485,1171,975,17221,23975,45521,90484,369504,705906,36563144,190106.24,35422.33,3609.61,190.53,110.15,75.03,19.56,14.85,14.8,10.53,7.74,4.98
https://www.loteriasyapuestas.es/en/euromillones/sorteos/2017/990402064,2017-Aug-11,50301682.2,0,3,5,33,646,1027,1536,14822,27002,66401,79233,384165,938643,0,331152.74,46277.55,3429.66,186.88,164.08,62.22,29.7,17.23,13.26,15.71,9.72,4.89
https://www.loteriasyapuestas.es/en/euromillones/sorteos/2017/990802065,2017-Aug-15,33509484.8,0,0,4,18,397,796,930,12204,18107,43179,64398,277649,667406,0,0,203988.99,4188.69,202.58,141.03,68.46,24.03,17.12,13.58,12.88,8.96,4.58
https://www.loteriasyapuestas.es/en/euromillones/sorteos/2017/991102066,2017-Aug-18,52581304.6,0,3,5,36,650,2017,1318,30792,30161,62411,173919,455753,946271,0,346160.26,48374.8,3286.33,194.15,87.33,75.8,14.94,16.13,14.74,7.48,8.57,5.07
https://www.loteriasyapuestas.es/en/euromillones/sorteos/2017/991502067,2017-Aug-22,39396548.4,1,12,8,126,1540,3727,2247,36864,48664,79413,149279,531479,930622,44105265,64840.15,22653.02,703.51,61.4,35.41,33.31,9.35,7.49,8.68,6.53,5.5,3.86
https://www.loteriasyapuestas.es/en/euromillones/sorteos/2017/991802068,2017-Aug-25,50219457.2,1,2,14,24,841,1054,2304,14733,33589,98628,74972,449128,1254375,1.7e+07,495917.14,16500.68,4708.07,143.31,159.62,41.41,29.83,13.83,8.91,16.58,8.3,3.65
https://www.loteriasyapuestas.es/en/euromillones/sorteos/2017/992202069,2017-Aug-29,35212335.4,0,1,4,29,567,1155,1180,17328,23963,51303,91726,350582,732569,0,695443.62,40494.19,2731.99,149.05,102.13,56.7,17.78,13.59,12.01,9.5,7.46,4.39
https://www.loteriasyapuestas.es/en/euromillones/sorteos/2017/992502070,2017-Sep-01,52256111.6,1,3,5,44,955,2749,1830,41270,43119,85550,204738,595082,1179926,28287321,344019.4,48075.62,2672.19,131.32,63.68,54.25,11.08,11.21,10.69,6.32,6.52,4.04
https://www.loteriasyapuestas.es/en/euromillones/sorteos/2017/992902071,2017-Sep-05,36151700.2,0,5,12,57,906,1668,1603,21772,31037,65089,98087,391894,838812,0,142799.22,13858.15,1427.04,95.77,72.61,42.85,14.53,10.77,9.72,9.12,6.85,3.93
https://www.loteriasyapuestas.es/en/euromillones/sorteos/2017/993202072,2017-Sep-08,53263718.2,0,1,4,24,580,1466,1346,22753,29517,65617,130535,463292,1003813,0,1051958.43,61253.28,4993.47,220.4,121.71,75.19,20.48,16.69,14.21,10.1,8.54,4.84
https://www.loteriasyapuestas.es/en/euromillones/sorteos/2017/993602073,2017-Sep-12,41320292.2,0,2,5,26,697,1255,1740,17329,28998,78450,86249,387697,989179,0,408037.89,38014.67,3575.79,142.28,110.3,45.12,20.86,13.18,9.22,11.86,7.91,3.81
https://www.loteriasyapuestas.es/en/euromillones/sorteos/2017/993902074,2017-Sep-15,107724152.8,0,6,19,42,1418,2533,3429,36245,64513,159188,190862,919842,2283940,0,354592,26080.58,5770.94,182.33,142.47,59.69,26.01,15.45,11.84,13.97,8.7,4.3
https://www.loteriasyapuestas.es/en/euromillones/sorteos/2017/994302075,2017-Sep-19,70605389.8,0,8,11,41,1049,2091,2210,30268,47511,97136,157465,696585,1405122,0,174307.06,29525.89,3874.69,161.54,113.12,60.7,20.41,13.75,12.72,11.1,7.53,4.59
https://www.loteriasyapuestas.es/en/euromillones/sorteos/2017/994602076,2017-Sep-22,97553948.8,0,2,9,64,1266,2671,2757,42947,59276,132787,231066,888030,1963331,0,963345.24,49860.91,3429.63,184.94,122.35,67.23,19.88,15.22,12.86,10.45,8.16,4.53
https://www.loteriasyapuestas.es/en/euromillones/sorteos/2017/995002077,2017-Sep-26,80881889,0,8,7,42,800,1752,1916,26674,37830,94285,148962,596975,1488156,0,199677.16,53150.96,4332.96,242.65,154.65,80.21,26.53,19.78,15.01,13.44,10.06,4.96
https://www.loteriasyapuestas.es/en/euromillones/sorteos/2017/995302078,2017-Sep-29,113491305.4,0,7,20,124,2029,6348,3908,91021,83594,162999,453867,1191188,2300570,0,320207.61,26103,2059.32,134.24,59.89,55.18,10.91,12.56,12.18,6.19,7.07,4.5
https://www.loteriasyapuestas.es/en/euromillones/sorteos/2017/995702079,2017-Oct-03,110349320.4,0,4,17,70,1469,2999,3497,46207,65740,147110,262334,952354,2107578,0,1504612.31,29859.23,3546.94,180.28,123.26,59.96,20.9,15.53,13.13,10.41,8.6,4.78
https://www.loteriasyapuestas.es/en/euromillones/sorteos/2017/996002080,2017-Oct-06,133485605,1,16,22,161,3119,6365,5668,79614,116308,221456,363925,1438780,2939995,1.9e+08,1291056.09,27910.63,1865.48,102.71,70.26,44.75,14.67,10.62,10.55,9.08,6.89,4.14
https://www.loteriasyapuestas.es/en/euromillones/sorteos/2017/996402081,2017-Oct-10,42628275.8,0,1,4,26,466,1361,989,21211,23807,49395,121922,368630,763924,0,841908.45,49022.52,3688.99,219.54,104.93,81.89,17.59,16.56,15.1,8.65,8.59,5.09
https://www.loteriasyapuestas.es/en/euromillones/sorteos/2017/996702082,2017-Oct-13,74722736,0,2,9,45,893,2134,2048,30447,43671,96775,164479,637728,1420204,0,737887.02,38191.62,3736.14,200.82,117.3,69.32,21.47,15.83,13.51,11.24,8.7,4.8
https://www.loteriasyapuestas.es/en/euromillones/sorteos/2017/997102083,2017-Oct-17,42848377,0,0,8,30,783,1482,1513,19604,36243,66783,97256,501781,933246,0,0,130419.75,3213.63,131.34,96.86,53.81,19.12,10.94,11.23,10.9,6.34,4.19
https://www.loteriasyapuestas.es/en/euromillones/sorteos/2017/997402084,2017-Oct-20,61363995,0,8,15,84,1525,3401,2873,43688,56967,110324,200749,712640,1403739,0,151492.36,18818.29,1643.68,96.57,60.44,40.58,12.29,9.96,9.73,7.57,6.39,3.99
https://www.loteriasyapuestas.es/en/euromillones/sorteos/2017/997802085,2017-Oct-24,45171702.4,1,6,11,54,1277,1817,2655,22229,44165,95656,103819,523928,1148829,65407072,148690.19,18889.98,1882.15,84.9,83.28,32.33,17.78,9.46,8.26,10.77,6.4,3.59
https://www.loteriasyapuestas.es/en/euromillones/sorteos/2017/998102086,2017-Oct-27,54141747,1,3,16,38,953,1563,2301,22235,35272,86571,117047,499948,1171498,1.7e+07,356433.17,15565.75,3205.76,136.35,116.04,44.71,21.31,14.2,10.94,11.45,8.04,4.22
https://www.loteriasyapuestas.es/en/euromillones/sorteos/2017/998502087,2017-Oct-31,39059838.4,0,0,3,17,352,1096,820,19570,20167,42156,124637,334761,675122,0,0,317035.69,5169.68,266.32,119.39,90.5,17.46,17.92,16.21,7.76,8.66,5.28
https://www.loteriasyapuestas.es/en/euromillones/sorteos/2017/998802088,2017-Nov-03,54210479.4,1,3,14,73,1083,2753,2301,35152,40572,89458,173864,549552,1198104,28709464,356885.66,17812.01,1670.87,120.13,65.97,44.76,13.49,12.36,10.6,7.72,7.32,4.13
https://www.loteriasyapuestas.es/en/euromillones/sorteos/2017/999202089,2017-Nov-07,39997680.8,0,0,2,22,446,858,1210,12194,21728,60738,64618,332500,907965,0,0,486971.76,4090.67,215.23,156.17,62.81,28.7,17.03,11.52,15.32,8.93,4.02
https://www.loteriasyapuestas.es/en/euromillones/sorteos/2017/999502090,2017-Nov-10,59262211.8,0,0,8,53,1057,2100,2562,28957,39528,90530,153944,549490,1241136,0,0,180379.36,2515.85,134.56,94.54,43.95,17.91,13.87,11.46,9.53,8.01,4.36
https://www.loteriasyapuestas.es/en/euromillones/sorteos/2017/999902091,2017-Nov-14,40169133.4,0,3,1,13,421,922,981,14331,20209,47162,80222,313177,740469,0,264446.79,184778.01,6952.35,228.99,145.95,77.8,24.53,18.39,14.91,12.39,9.52,4.95
https://www.loteriasyapuestas.es/en/euromillones/sorteos/2017/1000202092,2017-Nov-17,60911681.6,0,0,5,18,661,1199,1502,18349,29453,70888,100915,469372,1134395,0,0,296639.89,7613.96,221.16,170.19,77.05,29.05,19.13,15.04,14.94,9.64,4.9
https://www.loteriasyapuestas.es/en/euromillones/sorteos/2017/1000602093,2017-Nov-21,43575316.4,0,4,6,78,1097,2675,2066,33869,39261,72995,163151,490855,906994,0,215153.12,33407.74,1256.98,95.33,54.57,40.07,11.26,10.27,10.45,6.61,6.59,4.38
https://www.loteriasyapuestas.es/en/euromillones/sorteos/2017/1000902094,2017-Nov-24,62356036.6,0,0,6,49,796,1854,1882,26950,38381,88186,140410,577668,1335049,0,0,253061.58,2863.29,188.01,112.67,62.95,20.25,15.03,12.37,10.99,8.01,4.26
https://www.loteriasyapuestas.es/en/euromillones/sorteos/2017/1001302095,2017-Nov-28,47862148.4,0,6,6,47,888,2409,1815,31595,37638,74992,159087,505364,1000302,0,157546.24,36694.31,2291.27,129.36,66.56,50.1,13.26,11.76,11.17,7.45,7.03,4.37
https://www.loteriasyapuestas.es/en/euromillones/sorteos/2017/1001602096,2017-Dec-01,67286353.2,0,3,5,28,665,1257,1831,19583,30961,89894,107739,462590,1425495,0,442968.49,61903.44,5406.94,242.84,179.32,69.82,30.06,20.1,13.1,15.46,10.8,4.31
https://www.loteriasyapuestas.es/en/euromillones/sorteos/2017/1002002097,2017-Dec-05,54522305.2,0,2,8,27,538,1732,1303,27668,29385,62963,166184,463148,970404,0,538407.76,31350.33,4543.53,243.22,105.46,79.5,17.24,17.16,15.15,8.12,8.74,5.13
https://www.loteriasyapuestas.es/en/euromillones/sorteos/2017/1002302098,2017-Dec-08,72535361.8,0,3,5,48,928,2165,1950,31992,46679,91931,166876,706341,1384859,0,477524.47,66732.53,3400.1,187.59,112.24,70.68,19.84,14.37,13.81,10.76,7.62,4.78
https://www.loteriasyapuestas.es/en/euromillones/sorteos/2017/1002702099,2017-Dec-12,61080069.6,0,3,5,35,676,1859,1442,27480,36313,74052,160237,514269,1120517,0,402110.46,56193.66,3926.58,216.85,110.07,80.48,19.45,15.56,14.43,9.43,8.82,4.97
https://www.loteriasyapuestas.es/en/euromillones/sorteos/2017/1003002100,2017-Dec-15,81260346.2,0,0,5,42,845,2063,2050,31232,42586,99990,171626,659729,1574363,0,0,395737.89,4353.23,230.8,131.95,75.31,22.77,17.65,14.22,11.72,9.15,4.71
https://www.loteriasyapuestas.es/en/euromillones/sorteos/2017/1003402101,2017-Dec-19,66052527.2,1,3,7,63,957,2380,2168,34567,41492,95559,193533,604183,1287357,135346147,434845.8,43405.95,2359.02,165.65,92.97,57.89,16.72,14.73,12.1,8.45,8.12,4.68
https://www.loteriasyapuestas.es/en/euromillones/sorteos/2017/1003702102,2017-Dec-22,59449896,0,3,7,46,835,2178,1787,32634,38154,78611,176731,564949,1157067,0,391378.48,39067.07,2907.88,170.87,91.44,63.21,15.94,14.41,13.23,8.33,7.81,4.69
https://www.loteriasyapuestas.es/en/euromillones/sorteos/2017/1004102103,2017-Dec-26,35728184.8,0,3,9,27,493,1053,1138,14551,21175,50947,75333,310777,754009,0,235210.55,18261.07,2977.35,173.93,113.67,59.65,21.48,15.61,12.27,11.74,8.54,4.32
https://www.loteriasyapuestas.es/en/euromillones/sorteos/2017/1004402104,2017-Dec-29,65691791,1,0,10,31,800,1587,2339,22915,36308,111558,120488,518891,1568634,38906715,0,159959.51,4767.95,197.08,138.67,53.36,25.08,16.74,10.31,13.49,9.4,3.82
https://www.loteriasyapuestas.es/en/euromillones/sorteos/2018/1004802001,2018-Jan-02,36136421.2,0,3,1,22,536,1210,1135,17609,24060,53024,87475,354721,778317,0,237898.11,166227.54,3695.77,161.8,100.05,60.49,17.96,13.89,11.93,10.22,7.56,4.24
https://www.loteriasyapuestas.es/en/euromillones/sorteos/2018/1005102002,2018-Jan-05,55144381.6,0,7,9,42,650,1790,1523,28155,32348,71335,156933,490695,1082488,0,155585.93,28184.91,2954.16,203.61,103.2,68.79,17.14,15.77,13.53,8.7,8.34,4.65
https://www.loteriasyapuestas.es/en/euromillones/sorteos/2018/1005502003,2018-Jan-09,41772007.2,0,3,5,28,584,1474,1233,22441,28300,57271,119632,415934,837537,0,274999.05,38430.25,3356.68,171.67,94.94,64.37,16.29,13.65,12.76,8.64,7.46,4.55
https://www.loteriasyapuestas.es/en/euromillones/sorteos/2018/1005802004,2018-Jan-12,61206032.8,0,3,8,62,1034,2565,2160,35886,44300,99615,178250,616246,1372220,0,402939.72,35193.47,2221.19,142.06,79.94,53.84,14.92,12.78,10.75,8.5,7.37,4.07
https://www.loteriasyapuestas.es/en/euromillones/sorteos/2018/1006202005,2018-Jan-16,46331469.8,0,4,5,19,554,1007,1297,13688,24410,60992,74728,362340,907204,0,228761.63,42624.95,5486.62,200.71,154.13,67.87,29.62,17.56,13.29,15.35,9.49,4.66
https://www.loteriasyapuestas.es/en/euromillones/sorteos/2018/1006502006,2018-Jan-19,64354422,0,4,9,64,1032,2788,2246,41751,46628,95116,218796,677323,1353402,0,317749.96,32892.26,2262.46,149.66,77.33,54.44,13.49,12.77,11.84,7.28,7.05,4.34
https://www.loteriasyapuestas.es/en/euromillones/sorteos/2018/1006902007,2018-Jan-23,49866159.2,0,4,8,50,1352,2015,2262,26961,49803,88016,123402,632007,1157590,0,246214.16,28673.04,2243.98,88.52,82.9,41.89,16.18,9.26,9.91,10,5.86,3.93
https://www.loteriasyapuestas.es/en/euromillones/sorteos/2018/1007202008,2018-Jan-26,68349333.8,0,1,14,71,1109,2875,2308,40328,46745,101544,208277,650928,1404360,0,1349899.34,22457.64,2166,147.92,79.64,56.27,14.83,13.53,11.78,8.12,7.8,4.44
https://www.loteriasyapuestas.es/en/euromillones/sorteos/2018/1007602009,2018-Jan-30,53530659.6,0,5,8,62,1090,1974,1972,26715,45781,83903,130826,602610,1144898,0,211446.11,30780.13,1942.64,117.87,90.84,51.58,17.53,10.82,11.17,10.13,6.6,4.27
https://www.loteriasyapuestas.es/en/euromillones/sorteos/2018/1007902010,2018-Feb-02,77705588.4,0,3,9,41,965,1818,1954,28065,44803,91932,161018,669394,1363018,0,511561.79,39716.19,4264.33,193.26,143.19,75.56,24.23,16.04,14.79,11.94,8.62,5.2
https://www.loteriasyapuestas.es/en/euromillones/sorteos/2018/1008302011,2018-Feb-06,65592663.4,0,5,14,37,1067,1719,2956,23608,41623,114702,121659,552906,1484274,0,259091.02,21551.88,3988.74,147.54,127.83,42.16,24.31,14.58,10.01,13.34,8.81,4.03
https://www.loteriasyapuestas.es/en/euromillones/sorteos/2018/1008602012,2018-Feb-09,86652896,0,1,8,52,925,2179,2260,31650,43948,112639,174441,664157,1708450,0,1711394.7,49825.42,3749.4,224.83,133.22,72.85,23.96,18.24,13.46,12.29,9.69,4.63
https://www.loteriasyapuestas.es/en/euromillones/sorteos/2018/1009002013,2018-Feb-13,67627865.8,0,4,9,42,1130,2160,3144,27406,49475,132437,134707,643127,1698031,0,333912.59,34565.35,3622.92,143.63,104.89,40.87,21.59,12.64,8.94,12.43,7.81,3.63
https://www.loteriasyapuestas.es/en/euromillones/sorteos/2018/1009302014,2018-Feb-16,89908002.8,0,5,17,67,1409,2619,3301,37497,60136,149371,187050,834983,2066188,0,355136.61,24328.05,3019.3,153.14,115,51.75,20.98,13.83,10.53,11.9,7.99,3.97
https://www.loteriasyapuestas.es/en/euromillones/sorteos/2018/1009702015,2018-Feb-20,78241231.2,0,6,21,60,1452,2540,3227,36205,57333,131701,184689,775787,1755147,0,257544.05,17138.56,2934.05,129.32,103.19,46.07,18.91,12.62,10.4,10.49,7.49,4.07
https://www.loteriasyapuestas.es/en/euromillones/sorteos/2018/1010002016,2018-Feb-23,122984111.8,2,5,16,172,1994,6898,3890,98958,90759,179067,486402,1322556,2594009,88862248,485787.24,35357.93,1608.8,148.03,59.73,60.07,10.87,12.53,12.02,6.26,6.9,4.33
https://www.loteriasyapuestas.es/en/euromillones/sorteos/2018/1010402017,2018-Feb-27,40963775.6,0,0,2,21,387,917,855,13776,19689,44670,77440,316170,724282,0,0,498733.97,4388.98,254.04,149.65,91.03,26.02,19.25,16.05,13.09,9.62,5.16
https://www.loteriasyapuestas.es/en/euromillones/sorteos/2018/1010702018,2018-Mar-02,56318567.8,0,2,10,21,577,1135,1499,17774,25546,73784,98073,395706,1173433,0,556145.86,25906.54,6034.13,234.25,166.23,71.38,27.73,20.39,13.36,14.21,10.57,4.38
https://www.loteriasyapuestas.es/en/euromillones/sorteos/2018/1011102019,2018-Mar-06,43040177.4,0,4,7,39,613,1554,1307,24047,27641,57846,131279,410692,843713,0,212510.88,28283.55,2483.09,168.51,92.78,62.57,15.66,14.4,13.02,8.11,7.78,4.65
https://www.loteriasyapuestas.es/en/euromillones/sorteos/2018/1011402020,2018-Mar-09,60449723.4,0,2,21,39,848,1444,2737,20167,32400,105598,105822,459675,1436467,0,596941.02,13241.37,3487.48,171.08,140.24,41.96,26.23,17.26,10.02,14.14,9.76,3.84
https://www.loteriasyapuestas.es/en/euromillones/sorteos/2018/1011802021,2018-Mar-13,46309958.2,1,3,6,32,821,1168,2537,16318,30904,91082,82028,415404,1173870,61521581,304873.89,35504.3,3256.17,135.38,132.82,34.68,24.83,13.86,8.9,13.97,8.28,3.6
https://www.loteriasyapuestas.es/en/euromillones/sorteos/2018/1012102022,2018-Mar-16,54365592.6,0,3,8,36,868,1318,3011,18824,34411,110927,96201,451314,1398493,0,357906.82,31260.22,3397.85,150.32,138.18,34.31,25.27,14.61,8.58,13.99,8.94,3.55
https://www.loteriasyapuestas.es/en/euromillones/sorteos/2018/1012502023,2018-Mar-20,39048963.8,0,2,2,21,472,1089,1115,14333,22841,51922,75884,324786,742868,0,385608.52,89812.62,4183.82,198.55,120.12,66.54,23.84,15.81,13.16,12.74,8.93,4.8
https://www.loteriasyapuestas.es/en/euromillones/sorteos/2018/1012802024,2018-Mar-23,55662600.4,0,4,1,26,782,1537,1824,21909,37125,89006,113358,518659,1263442,0,274834.09,256047.96,4816.96,170.83,121.32,57.98,22.23,13.87,10.94,12.15,7.97,4.02
https://www.loteriasyapuestas.es/en/euromillones/sorteos/2018/1013202025,2018-Mar-27,41063396,0,0,7,13,531,956,1160,14104,23981,55828,73908,367137,852071,0,0,142841.96,7107.13,185.6,143.89,67.26,25.48,15.84,12.87,13.75,8.3,4.4
https://www.loteriasyapuestas.es/en/euromillones/sorteos/2018/1013502026,2018-Mar-30,57285802.2,0,4,11,55,870,1776,1923,25476,39337,83813,129691,559458,1204806,0,282848.65,23955.88,2343.51,158.03,108.06,56.6,19.68,13.47,11.96,10.93,7.6,4.34
https://www.loteriasyapuestas.es/en/euromillones/sorteos/2018/1013902027,2018-Apr-03,41768434.4,0,5,3,42,654,1915,1174,28448,29617,54389,151144,416552,805870,0,164985.32,64044.93,2237.59,153.28,73.07,67.6,12.85,13.05,13.44,6.84,7.45,4.73
https://www.loteriasyapuestas.es/en/euromillones/sorteos/2018/1014202028,2018-Apr-06,62196545.4,1,2,7,35,708,1848,1464,28515,32928,73462,168281,516669,1139793,76119641,614190.89,40872.02,3998.35,210.84,112.75,80.72,19.09,17.47,14.82,9.15,8.94,4.98
https://www.loteriasyapuestas.es/en/euromillones/sorteos/2018/1014602029,2018-Apr-10,37625002.8,1,2,7,14,424,717,1321,11155,17965,52314,56549,250305,759494,1.7e+07,371546.9,24725,6046.88,212.97,175.79,54.12,29.51,19.37,12.59,16.47,11.16,4.52
https://www.loteriasyapuestas.es/en/euromillones/sorteos/2018/1014902030,2018-Apr-13,69085119.4,0,8,8,39,934,1899,1766,29175,41044,84787,164842,633647,1284361,0,170553.89,39723.94,3985.68,177.52,121.87,74.33,20.72,15.57,14.26,10.37,8.1,4.91
https://www.loteriasyapuestas.es/en/euromillones/sorteos/2018/1015302031,2018-Apr-17,40385556.2,0,1,3,34,559,1438,1366,20248,24005,55641,110890,355112,802553,0,797614.73,61924.52,2672.57,173.39,94.08,56.17,17.45,15.56,12.7,9.01,8.44,4.59
https://www.loteriasyapuestas.es/en/euromillones/sorteos/2018/1015602032,2018-Apr-20,99214442.8,0,3,18,62,1482,3054,3326,43327,61778,138348,232051,904841,2000295,0,653161.75,25354.8,3600.52,160.67,108.83,56.68,20.04,14.86,12.55,10.58,8.14,4.53
https://www.loteriasyapuestas.es/en/euromillones/sorteos/2018/1016002033,2018-Apr-24,64623715.2,1,4,12,57,978,3130,2081,47549,45687,93649,253163,663949,1328641,138724202,319079.59,24772.42,2550.94,158.59,69.17,59,11.89,13.08,12.08,6.32,7.23,4.44
https://www.loteriasyapuestas.es/en/euromillones/sorteos/2018/1016302034,2018-Apr-27,54609614.4,0,3,6,23,559,1088,1347,17138,27557,65598,92081,425397,1025311,0,359513.29,41867.37,5342.24,234.46,168.15,77.03,27.88,18.33,14.57,14.68,9.53,4.86
https://www.loteriasyapuestas.es/en/euromillones/sorteos/2018/1016702035,2018-May-01,35779453.6,0,2,4,26,440,1256,1019,19621,22676,47577,104981,336895,726765,0,353322.1,41146.37,3096.3,195.16,95.43,66.71,15.96,14.6,13.16,8.44,7.89,4.49
https://www.loteriasyapuestas.es/en/euromillones/sorteos/2018/1017002036,2018-May-04,56559830.8,0,5,12,22,857,1238,2171,17430,34480,90663,90023,485411,1263411,0,223411.33,21681.27,5784.53,158.39,153.05,49.5,28.39,15.17,10.92,15.55,8.65,4.09
https://www.loteriasyapuestas.es/en/euromillones/sorteos/2018/1017402037,2018-May-08,39915332.6,1,1,7,25,592,1541,1270,22688,27328,55653,121697,391445,771586,45566998,788327.82,26230.08,3592.38,161.82,86.77,59.72,15.39,13.51,12.55,8.12,7.57,4.72
https://www.loteriasyapuestas.es/en/euromillones/sorteos/2018/1017702038,2018-May-11,50577463.2,0,4,5,37,669,1328,1531,18928,29473,67842,101366,425330,992779,0,249726.22,46531.27,3075.66,181.44,127.59,62.77,23.38,15.87,13.05,12.35,8.83,4.65
https://www.loteriasyapuestas.es/en/euromillones/sorteos/2018/1018102039,2018-May-15,37713660.6,0,0,10,19,532,803,1338,11355,20991,56334,58948,300911,798453,0,0,91832.76,4466.09,170.14,157.34,53.55,29.06,16.62,11.72,15.83,9.31,4.31
https://www.loteriasyapuestas.es/en/euromillones/sorteos/2018/1018402040,2018-May-18,53320201,0,6,15,97,1539,3001,3099,35599,52400,106432,165889,626624,1267116,0,175512.33,16351.53,1236.81,83.15,59.52,32.69,13.11,9.41,8.77,7.96,6.32,3.84
https://www.loteriasyapuestas.es/en/euromillones/sorteos/2018/1018802041,2018-May-22,38004599.6,0,0,3,13,366,717,908,10776,17848,47909,58842,276427,732470,0,0,308470.67,6577.72,249.21,177.57,79.53,30.86,19.7,13.88,15.99,10.21,4.73
https://www.loteriasyapuestas.es/en/euromillones/sorteos/2018/1019102042,2018-May-25,56797727.8,0,2,12,47,869,1992,1701,27402,42040,79525,138770,604725,1146351,0,560877.56,21772.46,2719.04,156.86,95.52,63.44,18.14,12.5,12.5,10.13,6.97,4.52
https://www.loteriasyapuestas.es/en/euromillones/sorteos/2018/1019502043,2018-May-29,41646528,0,5,9,22,565,1269,1168,19354,26322,54538,104785,387481,823102,0,164503.79,21286,4259.3,176.91,109.94,67.75,18.83,14.64,13.36,9.84,7.98,4.62
https://www.loteriasyapuestas.es/en/euromillones/sorteos/2018/1019802044,2018-Jun-01,60400672.2,2,0,8,39,866,1966,1723,28380,42801,83791,147619,636537,1245568,37145179,0,183844.55,3484.65,167.39,102.92,66.61,18.62,13.05,12.61,10.13,7.05,4.42
https://www.loteriasyapuestas.es/en/euromillones/sorteos/2018/1020202045,2018-Jun-05,36530199.2,1,2,6,30,614,1098,1173,16388,24743,47906,91180,362325,705841,1.7e+07,360735.72,28006.49,2739.76,142.79,111.45,59.17,19.5,13.66,13.34,9.92,7.49,4.72
https://www.loteriasyapuestas.es/en/euromillones/sorteos/2018/1020502046,2018-Jun-08,52703802.8,1,2,9,61,718,2226,1602,31520,31567,66991,175269,469714,979042,1.7e+07,520450.05,26937.5,1943.99,176.17,79.32,62.51,14.63,15.44,13.77,7.44,8.33,4.91
https://www.loteriasyapuestas.es/en/euromillones/sorteos/2018/1020902047,2018-Jun-12,36147806.2,0,5,5,40,571,1387,1374,19025,26488,60413,96830,366496,799959,0,142783.83,33255.98,2033.31,151.93,87.31,49.99,16.63,12.62,10.47,9.24,7.32,4.12
https://www.loteriasyapuestas.es/en/euromillones/sorteos/2018/1021202048,2018-Jun-15,51262624.6,0,3,3,24,581,1188,1542,16457,24925,75404,88960,368104,1112523,0,337478.95,78602.69,4805.87,211.76,144.55,63.16,27.26,19.02,11.9,14.26,10.34,4.2
https://www.loteriasyapuestas.es/en/euromillones/sorteos/2018/1021602049,2018-Jun-19,37436282.4,1,3,7,37,630,1651,1502,22199,25959,58225,116754,370530,809048,36158964,246455.53,24600.99,2276.53,142.61,75.96,47.36,14.76,13.34,11.25,7.94,7.5,4.22
https://www.loteriasyapuestas.es/en/euromillones/sorteos/2018/1021902050,2018-Jun-22,48016995.4,0,2,1,42,590,1910,1409,27282,28705,62370,155713,419424,900741,0,474167.83,220878.18,2572.34,195.32,84.22,64.75,15.4,15.47,13.47,7.63,8.5,4.86
https://www.loteriasyapuestas.es/en/euromillones/sorteos/2018/1022302051,2018-Jun-26,35452381.8,0,0,2,19,383,1168,893,18939,20424,43238,110788,327131,668626,0,0,431632.75,4198.31,222.16,101.68,75.43,16.38,16.06,14.35,7.92,8.05,4.84
https://www.loteriasyapuestas.es/en/euromillones/sorteos/2018/1022602052,2018-Jun-29,51397891.6,0,1,10,23,592,1026,1607,15330,28679,73315,81888,427917,1087939,0,1015108.36,23643.03,5028.05,208.37,167.82,60.77,29.34,16.58,12.27,15.53,8.92,4.31
https://www.loteriasyapuestas.es/en/euromillones/sorteos/2018/1023002053,2018-Jul-03,39128518,0,3,4,45,641,1768,1334,25492,28960,55949,133723,410279,782597,0,257596.08,44997.8,1956.43,146.5,74.14,55.73,13.43,12.5,12.24,7.24,7.08,4.56
https://www.loteriasyapuestas.es/en/euromillones/sorteos/2018/1023302054,2018-Jul-06,55692953.8,0,2,5,40,693,1463,1507,21135,30869,74041,116181,452469,1087038,0,549967.92,51237.52,3132.73,192.88,127.53,70.22,23.06,16.69,13.16,11.86,9.14,4.68
https://www.loteriasyapuestas.es/en/euromillones/sorteos/2018/1023702055,2018-Jul-10,43043585.2,1,1,3,20,622,1218,1444,17955,27562,62996,95468,401436,910841,65538512,850110.81,66000.16,4842.4,166.08,118.39,56.64,20.98,14.45,11.96,11.16,7.96,4.31
https://www.loteriasyapuestas.es/en/euromillones/sorteos/2018/1024002056,2018-Jul-13,63108936,1,2,5,30,898,1409,2380,20614,37456,101708,108026,533918,1413912,1.7e+07,623200.74,58060.22,4733.17,168.67,150.05,50.38,26.79,15.59,10.86,14.46,8.78,4.07
https://www.loteriasyapuestas.es/en/euromillones/sorteos/2018/1024402057,2018-Jul-17,35058680.8,0,2,5,28,456,999,1009,14088,19831,48717,73899,290388,751084,0,346204.47,32253.99,2817.22,184.52,117.56,66.02,21.77,16.35,12.59,11.74,8.96,4.26
https://www.loteriasyapuestas.es/en/euromillones/sorteos/2018/1024702058,2018-Jul-20,50529010.4,0,2,3,23,505,1389,1169,22700,25594,55549,139000,411723,869397,0,498973.98,77477.82,4943.06,240.14,121.87,82.13,19.48,18.26,15.92,9,9.11,5.3
https://www.loteriasyapuestas.es/en/euromillones/sorteos/2018/1025102059,2018-Jul-24,37403891.8,0,2,5,37,477,1403,1003,21546,22570,47661,120858,354748,736430,0,369363.43,34411.58,2274.56,188.2,89.31,70.85,15.19,15.33,13.73,7.66,7.83,4.63
https://www.loteriasyapuestas.es/en/euromillones/sorteos/2018/1025402060,2018-Jul-27,53900539,0,2,11,33,821,1714,2151,23791,37344,92897,118555,516868,1282773,0,532267.82,22540.23,3675.04,157.57,105.35,47.61,19.82,13.35,10.15,11.25,7.74,3.83
https://www.loteriasyapuestas.es/en/euromillones/sorteos/2018/1025802061,2018-Jul-31,42309883,0,3,2,19,484,1102,1057,16092,21630,52120,87563,332174,802836,0,278540.06,97312.73,5010.38,209.8,128.62,76.05,23.01,18.09,14.21,11.96,9.46,4.81
https://www.loteriasyapuestas.es/en/euromillones/sorteos/2018/1026102062,2018-Aug-03,58307574.6,0,1,9,40,674,1316,1727,19562,30228,79901,104053,447263,1196031,0,1151574.6,29801.65,3279.8,207.62,148.43,64.15,26.08,17.84,12.77,13.87,9.68,4.45
https://www.loteriasyapuestas.es/en/euromillones/sorteos/2018/1026502063,2018-Aug-07,45258021.6,0,4,7,24,520,1188,1208,17843,25528,60531,94854,385045,908366,0,223461.48,29740.99,4242.94,208.88,127.62,71.18,22.19,16.4,13.08,11.81,8.73,4.55
https://www.loteriasyapuestas.es/en/euromillones/sorteos/2018/1026802064,2018-Aug-10,61868595.8,0,8,4,33,702,1972,1537,34275,34730,73897,192343,545017,1135029,0,152738.1,71148.89,4218.31,211.52,105.1,76.48,15.79,16.48,14.65,7.96,8.43,4.97
https://www.loteriasyapuestas.es/en/euromillones/sorteos/2018/1027202065,2018-Aug-14,51516370.4,0,2,10,35,767,1490,2154,19855,33822,83888,106042,468648,1136229,0,508724.16,23697.53,3311.77,161.2,115.83,45.44,22.7,14.09,10.75,12.02,8.16,4.14
https://www.loteriasyapuestas.es/en/euromillones/sorteos/2018/1027502066,2018-Aug-17,67481103.8,0,2,9,37,899,1509,2270,22340,39024,102396,116950,567326,1471600,0,666375.9,34490.34,4103.58,180.15,149.81,56.48,26.43,16,11.53,14.28,8.83,4.18
https://www.loteriasyapuestas.es/en/euromillones/sorteos/2018/1027902067,2018-Aug-21,58837636,1,6,5,16,539,1262,1719,18482,28354,79546,99132,422529,1223764,107839228,193673.89,54130.63,8274.04,261.99,156.19,65.03,27.86,19.19,12.94,14.69,10.34,4.39
https://www.loteriasyapuestas.es/en/euromillones/sorteos/2018/1028202068,2018-Aug-24,50784804.4,0,4,5,21,502,1157,1432,17460,24235,67242,91952,367385,1050501,0,250749.97,46722.02,5441.23,242.8,147.04,67.38,25.45,19.38,13.22,13.67,10.26,4.41
https://www.loteriasyapuestas.es/en/euromillones/sorteos/2018/1028602069,2018-Aug-28,37182921.6,0,5,7,16,471,795,1100,10991,19764,48400,59837,280049,713072,0,146872.54,24434.49,5228.85,189.47,156.68,64.23,29.6,17.4,13.44,15.38,9.86,4.76
https://www.loteriasyapuestas.es/en/euromillones/sorteos/2018/1028902070,2018-Aug-31,53261461,0,4,35,32,545,1754,1228,27721,29770,63493,153968,463635,992574,0,262978.46,7000.08,3744.95,234.55,101.73,82.41,16.81,16.55,14.68,8.56,8.53,4.9
https://www.loteriasyapuestas.es/en/euromillones/sorteos/2018/1029302071,2018-Sep-04,41256815.6,1,1,9,28,575,1122,1477,16007,25731,62532,83809,364313,900468,45447459,814822.11,21086.82,3315.28,172.2,123.18,53.07,22.55,14.83,11.55,12.18,8.41,4.18
https://www.loteriasyapuestas.es/en/euromillones/sorteos/2018/1029602072,2018-Sep-07,50229867.6,0,4,9,31,798,1651,1716,23071,38761,78973,119491,485422,1091396,0,248009.97,25673.04,3645.72,151.07,101.92,55.62,19.05,11.99,11.13,10.4,7.68,4.2
https://www.loteriasyapuestas.es/en/euromillones/sorteos/2018/1030002073,2018-Sep-11,37569232.8,0,4,4,19,545,983,1107,14673,24135,48166,81349,351074,702612,0,185498.09,43204.62,4448.99,165.44,128.03,64.48,22.4,14.4,13.65,11.43,7.95,4.88
https://www.loteriasyapuestas.es/en/euromillones/sorteos/2018/1030302074,2018-Sep-14,54032066,0,1,11,29,638,1386,1354,21499,32430,64084,120195,506679,1006517,0,1067133.3,22595.23,4192.14,203.26,130.6,75.82,21.99,15.41,14.76,11.13,7.92,4.9
https://www.loteriasyapuestas.es/en/euromillones/sorteos/2018/1030702075,2018-Sep-18,41492657.8,0,4,2,18,530,956,1300,13133,22813,64514,69639,339612,941811,0,204870,95433.11,5186.58,187.89,145.4,60.64,27.64,16.82,11.26,14.75,9.07,4.02
https://www.loteriasyapuestas.es/en/euromillones/sorteos/2018/1031002076,2018-Sep-21,105560474.8,0,7,21,113,2127,3640,4472,49277,86771,179843,240699,1163577,2399057,0,297831.34,23122.77,2101.87,119.11,97.15,44.85,18.74,11.25,10.27,10.85,6.74,4.01
https://www.loteriasyapuestas.es/en/euromillones/sorteos/2018/1031402077,2018-Sep-25,68682589.8,0,2,9,55,1074,2897,2210,39010,48838,101071,204728,676099,1403251,0,678240.57,35104.43,2809.74,153.48,79.42,59.05,15.41,13.01,11.89,8.3,7.54,4.47
https://www.loteriasyapuestas.es/en/euromillones/sorteos/2018/1031702078,2018-Sep-28,93365349,0,5,6,74,1699,3631,3238,52206,71617,142427,262899,964818,1974317,0,368793.13,71580.1,2838.81,131.89,86.14,54.79,15.65,12.06,11.47,8.79,7.19,4.32
https://www.loteriasyapuestas.es/en/euromillones/sorteos/2018/1032102079,2018-Oct-02,77974296.4,1,17,30,67,1786,2737,3920,34237,60548,136208,170803,758397,1692420,162403002,90587.79,11956.06,2618.54,104.78,95.44,37.79,19.93,11.91,10.02,11.3,7.63,4.2
https://www.loteriasyapuestas.es/en/euromillones/sorteos/2018/1032402080,2018-Oct-05,55427486.4,1,7,11,32,980,1588,2481,21245,37906,91879,112999,501210,1189395,1.7e+07,156384.69,23178.77,3897.25,135.74,116.93,42.45,22.83,13.53,10.56,12.14,8.21,4.25
https://www.loteriasyapuestas.es/en/euromillones/sorteos/2018/1032802081,2018-Oct-09,38352952,0,2,3,16,463,887,1070,13846,21500,51149,76417,324411,777337,0,378735.4,58807.86,5393.38,198.81,144.85,68.1,24.24,16.5,13.12,12.42,8.78,4.5
https://www.loteriasyapuestas.es/en/euromillones/sorteos/2018/1033102082,2018-Oct-12,53293922,0,5,7,61,868,2667,1937,36992,38623,82644,191325,552096,1131340,0,210510.99,35021.72,1965.76,147.36,66.94,52.28,12.61,12.76,11.29,6.89,7.17,4.3
https://www.loteriasyapuestas.es/en/euromillones/sorteos/2018/1033502083,2018-Oct-16,39947703.4,0,4,6,30,514,1120,1271,16422,22455,53476,91279,327795,765721,0,197241.79,30626.57,2996.08,186.53,119.49,59.72,21.29,16.46,13.07,10.83,9.05,4.76
https://www.loteriasyapuestas.es/en/euromillones/sorteos/2018/1033802084,2018-Oct-19,56918017.2,0,0,2,38,569,1174,1489,17937,29325,68260,96546,468942,1114658,0,0,692976.86,3370.15,240.08,162.42,72.63,27.77,17.95,14.59,14.59,9.01,4.66
https://www.loteriasyapuestas.es/en/euromillones/sorteos/2018/1034202085,2018-Oct-23,43937678.4,0,1,5,16,555,990,1360,15271,29372,69216,75895,391415,975321,0,867769.15,40422.66,6178.74,190,148.68,61.38,25.18,13.84,11.11,14.33,8.33,4.11
https://www.loteriasyapuestas.es/en/euromillones/sorteos/2018/1034502086,2018-Oct-26,61507551.6,0,14,11,44,1026,2278,2213,32558,42133,92371,169611,597316,1290913,0,86769.58,25721.34,3145.27,143.88,90.45,52.81,16.53,13.5,11.65,8.98,7.65,4.35
https://www.loteriasyapuestas.es/en/euromillones/sorteos/2018/1034902087,2018-Oct-30,47232895.6,0,4,10,31,592,1167,2228,16405,26413,92084,86845,373525,1173434,0,233212.42,21727.13,3428.19,191.48,135.59,40.28,25.19,16.54,8.98,13.46,9.39,3.67
https://www.loteriasyapuestas.es/en/euromillones/sorteos/2018/1035202088,2018-Nov-02,62474876.2,1,2,13,49,1055,2091,2164,29872,45644,96543,146471,627533,1369528,87021202,616939.4,22106.49,2868.74,142.12,100.09,54.85,18.3,12.66,11.32,10.56,7.39,4.16
https://www.loteriasyapuestas.es/en/euromillones/sorteos/2018/1035602089,2018-Nov-06,39791015,0,1,3,27,499,1235,1043,17819,21953,47284,103191,333416,710321,0,785872.55,61012.89,3315.92,191.38,107.94,72.49,19.54,16.77,14.73,9.54,8.86,5.11
https://www.loteriasyapuestas.es/en/euromillones/sorteos/2018/1035902090,2018-Nov-09,57350381,0,4,8,33,712,1155,1795,17726,28929,83543,92973,413892,1239823,0,283167.51,32976.47,3910.25,193.32,166.34,60.71,28.31,18.34,12.01,15.27,10.29,4.22
https://www.loteriasyapuestas.es/en/euromillones/sorteos/2018/1036302091,2018-Nov-13,40394642.2,0,3,6,49,822,1890,1758,26035,35910,74472,124043,465333,959399,0,265931.39,30969.23,1854.86,117.94,71.6,43.66,13.58,10.41,9.49,8.06,6.45,3.84
https://www.loteriasyapuestas.es/en/euromillones/sorteos/2018/1036602092,2018-Nov-16,56607513.6,1,5,5,25,646,1378,2124,20500,33081,100139,105840,463035,1410948,50340148,223599.68,52078.91,5094.68,210.31,137.62,50.64,24.16,15.83,9.89,13.24,9.08,3.66
https://www.loteriasyapuestas.es/en/euromillones/sorteos/2018/1037002093,2018-Nov-20,35827398.2,0,2,2,14,449,810,1103,11124,19323,48162,59057,286781,710398,0,353795.56,82403.02,5757.97,191.51,148.18,61.72,28.18,17.15,13.02,15.01,9.28,4.6
https://www.loteriasyapuestas.es/en/euromillones/sorteos/2018/1037302094,2018-Nov-23,51291262,0,5,10,45,1024,1768,2257,23284,39348,93177,115235,515238,1202910,0,202600.48,23593.98,2564.56,120.21,97.19,43.18,19.27,12.06,9.63,11.02,7.39,3.89
https://www.loteriasyapuestas.es/en/euromillones/sorteos/2018/1037702095,2018-Nov-27,39131551.8,0,2,5,25,579,1178,1279,16746,25369,60887,87358,368176,873538,0,386424.07,36001.03,3521.84,162.2,111.28,58.13,20.45,14.27,11.25,11.09,7.89,4.09
https://www.loteriasyapuestas.es/en/euromillones/sorteos/2018/1038002096,2018-Nov-30,57032327,0,9,26,39,1103,1744,3828,22820,40250,133500,112144,502706,1567754,0,125154.27,10090.33,3290.33,124.1,109.55,28.31,21.87,13.11,7.48,12.59,8.42,3.32
https://www.loteriasyapuestas.es/en/euromillones/sorteos/2018/1038402097,2018-Dec-04,42571289.2,0,1,4,18,527,1133,1006,17133,25319,51597,94158,402988,812784,0,840782.96,48956.98,5321.41,193.87,125.87,80.4,21.74,15.55,14.44,11.19,7.84,4.78
https://www.loteriasyapuestas.es/en/euromillones/sorteos/2018/1038702098,2018-Dec-07,59445337.6,0,4,19,33,756,1439,1989,20297,33768,91970,108637,486625,1329305,0,293511.35,14392.03,4053.09,188.72,138.39,56.79,25.63,16.28,11.31,13.54,9.07,4.08
https://www.loteriasyapuestas.es/en/euromillones/sorteos/2018/1039102099,2018-Dec-11,45641206.6,0,5,10,58,1149,2165,2558,26898,43815,92746,114980,533913,1123773,0,180282.77,20994.96,1770.56,95.33,70.62,33.9,14.85,9.64,8.61,9.82,6.35,3.71
https://www.loteriasyapuestas.es/en/euromillones/sorteos/2018/1039402100,2018-Dec-14,62633967,0,5,11,31,805,1511,2218,21581,36200,92368,111099,515756,1320327,0,247404.17,26192.39,4546.01,186.73,138.86,53.65,25.39,16,11.87,13.95,9.02,4.33
https://www.loteriasyapuestas.es/en/euromillones/sorteos/2018/1039802101,2018-Dec-18,50700942.6,0,3,5,55,707,2066,1616,32382,33570,68896,176166,507054,996849,0,333781.21,46644.87,2074.13,172.11,82.21,59.61,13.7,13.97,12.88,7.12,7.42,4.64
https://www.loteriasyapuestas.es/en/euromillones/sorteos/2018/1040102102,2018-Dec-21,74335665.8,0,3,11,58,1193,2134,2211,32528,50115,103216,173934,733523,1502622,0,489376.47,31085.82,2883.71,149.54,116.69,63.88,20,13.72,12.6,10.58,7.52,4.51
https://www.loteriasyapuestas.es/en/euromillones/sorteos/2018/1040502103,2018-Dec-25,54832247.8,0,4,5,35,699,2026,1637,29011,36462,80087,152071,538548,1152646,0,270734.22,50445.67,3524.93,188.27,90.67,63.64,16.54,13.91,11.98,8.92,7.56,4.34
https://www.loteriasyapuestas.es/en/euromillones/sorteos/2018/1040802104,2018-Dec-28,78356355,0,3,15,38,823,1676,2161,24682,37344,105191,133842,558591,1637549,0,515846,24029.28,4639.52,228.5,156.62,68.89,27.78,19.41,13.04,14.49,10.42,4.37
https://www.loteriasyapuestas.es/en/euromillones/sorteos/2019/1041202001,2019-Jan-01,68757117,1,11,12,86,1392,3126,3368,39603,54281,125298,191321,708609,1590576,129645665,123450.28,26356.89,1798.88,118.55,73.68,38.79,15.19,11.72,9.6,8.89,7.2,3.94
https://www.loteriasyapuestas.es/en/euromillones/sorteos/2019/1041502002,2019-Jan-04,52428378.2,0,7,11,51,1089,1827,3449,22302,42784,125591,107912,513443,1374467,0,147922.92,21924.59,2313.02,115.54,96.13,28.88,20.57,11.34,7.31,12.02,7.58,3.48
https://www.loteriasyapuestas.es/en/euromillones/sorteos/2019/1041902003,2019-Jan-08,40858567.2,0,1,7,36,507,1179,1268,17350,25195,60461,91554,373888,896459,0,806956.7,26849.92,2553.66,193.41,116.1,61.22,20.61,15,11.83,11.05,8.11,4.16
https://www.loteriasyapuestas.es/en/euromillones/sorteos/2019/1042202004,2019-Jan-11,56551838.2,0,3,6,48,717,1646,1639,25204,32537,72386,134188,492435,1089811,0,372299.6,43356.41,2650.87,189.29,115.1,65.56,19.63,16.08,13.67,10.43,8.53,4.74
https://www.loteriasyapuestas.es/en/euromillones/sorteos/2019/1042602005,2019-Jan-15,43497280.2,0,4,3,28,553,1572,1114,23431,26806,55213,125634,410680,852126,0,214767.82,66695.83,3495.32,188.78,92.69,74.19,16.24,15.01,13.79,8.57,7.86,4.66
https://www.loteriasyapuestas.es/en/euromillones/sorteos/2019/1042902006,2019-Jan-18,59391534.4,0,2,6,46,795,1785,1749,25835,38291,85058,137118,543230,1213507,0,586491.4,45533.51,2905.02,179.3,111.46,64.52,20.12,14.35,12.22,10.72,8.12,4.47
